{
  "accuracy": [
    0.9350429773330688,
    0.9418105483055115,
    0.943702220916748,
    0.9454850554466248,
    0.9459379315376282,
    0.9462199211120605,
    0.9474910497665405,
    0.9468035101890564,
    0.9481285214424133,
    0.9480156898498535,
    0.9488824009895325,
    0.9482709169387817,
    0.9484280943870544,
    0.9486871957778931,
    0.9496140480041504
  ],
  "loss": [
    0.10265715420246124,
    0.06400453299283981,
    0.05457824096083641,
    0.04875751584768295,
    0.04797002673149109,
    0.047496069222688675,
    0.04201003536581993,
    0.04510751739144325,
    0.04055503010749817,
    0.041106581687927246,
    0.03784263879060745,
    0.040221475064754486,
    0.03828820213675499,
    0.038440536707639694,
    0.03455361723899841
  ],
  "val_accuracy": [
    0.9412789940834045,
    0.9450812339782715,
    0.94329434633255,
    0.9443493485450745,
    0.9479696154594421,
    0.9460774660110474,
    0.9485729932785034,
    0.9517567753791809,
    0.9507048726081848,
    0.9525661468505859,
    0.9481869339942932,
    0.9506953954696655,
    0.9476244449615479,
    0.9510406851768494,
    0.9481494426727295
  ],
  "val_loss": [
    0.06804928183555603,
    0.055475104600191116,
    0.06206144765019417,
    0.06374458223581314,
    0.045709896832704544,
    0.04944527894258499,
    0.04495936259627342,
    0.03441520035266876,
    0.03588567674160004,
    0.03248872607946396,
    0.048944856971502304,
    0.04179443046450615,
    0.04862240329384804,
    0.03788825124502182,
    0.0553143173456192
  ]
}